{
    "Random Forest": {
        "cross_validation": {
            "accuracy": 0.9463485881207401,
            "precision": 0.867107843137255,
            "recall": 0.8860294117647058,
            "f1_score": 0.8757755892243558,
            "roc_auc": 0.9738778599091674
        },
        "test_accuracy": 0.9336734693877551
    },
    "AdaBoost": {
        "cross_validation": {
            "accuracy": 0.9182083739045765,
            "precision": 0.7883401491794277,
            "recall": 0.85625,
            "f1_score": 0.8178176484678031,
            "roc_auc": 0.9683524123557407
        },
        "test_accuracy": 0.9081632653061225
    },
    "Gradient Boosting": {
        "cross_validation": {
            "accuracy": 0.9374391431353457,
            "precision": 0.8650993292053665,
            "recall": 0.8378676470588236,
            "f1_score": 0.850661980334656,
            "roc_auc": 0.9705348671726755
        },
        "test_accuracy": 0.9285714285714286
    }
}